<?xml version="1.0" encoding="UTF-8"?>
<java version="1.8.0_401" class="java.beans.XMLDecoder">
 <object class="com.q1labs.reporting.ReportTemplate" id="ReportTemplate0">
  <void property="author">
   <string>admin</string>
  </void>
  <void property="charts">
   <array class="com.q1labs.reporting.Chart" length="4">
    <void index="0">
     <object class="com.q1labs.reporting.charts.ArielChart">
      <void property="chartId">
       <string>6c3e9f5f-b40f-46bc-aa08-6a5a72a0df3a</string>
      </void>
      <void property="customViewParamId">
       <string>b9283ebb-870c-430f-9a45-6fbd446770ac</string>
      </void>
      <void property="graphObjectTotals">
       <boolean>true</boolean>
      </void>
      <void property="limit">
       <int>10</int>
      </void>
      <void property="name">
       <string>Events/Logs</string>
      </void>
      <void property="numberOfSamples">
       <int>96</int>
      </void>
      <void property="reportTemplate">
       <object idref="ReportTemplate0"/>
      </void>
      <void property="subTitle">
       <string>DHC: Top Log Sources</string>
      </void>
      <void property="timeFrom">
       <object class="java.util.Date">
        <long>979509600326</long>
       </object>
      </void>
      <void property="timeTo">
       <object class="java.util.Date">
        <long>979596000326</long>
       </object>
      </void>
      <void property="title">
       <string>DHC: Top Log Sources</string>
      </void>
      <void property="type">
       <object class="java.lang.Enum" id="ChartType$Type0" method="valueOf">
        <class>com.q1labs.reporting.ChartType$Type</class>
        <string>Stacked_Line</string>
       </object>
      </void>
      <void property="typeId">
       <int>6</int>
      </void>
      <void property="virtualViewReferenceID">
       <int>10210</int>
      </void>
     </object>
    </void>
    <void index="1">
     <object class="com.q1labs.reporting.charts.ArielChart">
      <void property="chartId">
       <string>ed04cf38-e936-4fa7-81c3-960c9a215536</string>
      </void>
      <void property="customViewParamId">
       <string>16f28cea-3e5a-4028-84b0-ad68e63d390a</string>
      </void>
      <void property="graphObjectTotals">
       <boolean>true</boolean>
      </void>
      <void property="limit">
       <int>10</int>
      </void>
      <void property="name">
       <string>Events/Logs</string>
      </void>
      <void property="reportTemplate">
       <object idref="ReportTemplate0"/>
      </void>
      <void property="subTitle">
       <string>Events per Second Raw - Average 1 Min (custom) (Average)</string>
      </void>
      <void property="timeFrom">
       <object class="java.util.Date">
        <long>979509600327</long>
       </object>
      </void>
      <void property="timeTo">
       <object class="java.util.Date">
        <long>979596000327</long>
       </object>
      </void>
      <void property="title">
       <string>DHC: Event Rate (EPS)</string>
      </void>
      <void property="type">
       <object idref="ChartType$Type0"/>
      </void>
      <void property="typeId">
       <int>6</int>
      </void>
      <void property="virtualViewReferenceID">
       <int>10211</int>
      </void>
     </object>
    </void>
    <void index="2">
     <object class="com.q1labs.reporting.charts.ArielChart">
      <void property="chartId">
       <string>a809a115-3b20-4979-a08c-2c6a066dbdf7</string>
      </void>
      <void property="customViewParamId">
       <string>49660354-f051-48c3-b44b-31599a24c10c</string>
      </void>
      <void property="graphObjectTotals">
       <boolean>true</boolean>
      </void>
      <void property="limit">
       <int>50</int>
      </void>
      <void property="name">
       <string>Events/Logs</string>
      </void>
      <void property="numberOfSamples">
       <int>24</int>
      </void>
      <void property="reportTemplate">
       <object idref="ReportTemplate0"/>
      </void>
      <void property="subTitle">
       <string>DHC: System Notifications</string>
      </void>
      <void property="timeFrom">
       <object class="java.util.Date">
        <long>979509600328</long>
       </object>
      </void>
      <void property="timeTo">
       <object class="java.util.Date">
        <long>979596000328</long>
       </object>
      </void>
      <void property="title">
       <string>DHC: System Notifications</string>
      </void>
      <void property="type">
       <object class="java.lang.Enum" id="ChartType$Type1" method="valueOf">
        <class>com.q1labs.reporting.ChartType$Type</class>
        <string>Table</string>
       </object>
      </void>
      <void property="typeId">
       <int>6</int>
      </void>
      <void property="virtualViewReferenceID">
       <int>10212</int>
      </void>
     </object>
    </void>
    <void index="3">
     <object class="com.q1labs.reporting.charts.ArielChart">
      <void property="chartId">
       <string>804b99c9-1bc6-43df-b234-13f011b35933</string>
      </void>
      <void property="customViewParamId">
       <string>8514d609-bbcf-4b0e-86c0-24d7f5f63969</string>
      </void>
      <void property="graphObjectTotals">
       <boolean>true</boolean>
      </void>
      <void property="limit">
       <int>500</int>
      </void>
      <void property="name">
       <string>Events/Logs</string>
      </void>
      <void property="reportTemplate">
       <object idref="ReportTemplate0"/>
      </void>
      <void property="subTitle">
       <string>DHC: Health Summary</string>
      </void>
      <void property="timeFrom">
       <object class="java.util.Date">
        <long>1719867000000</long>
       </object>
      </void>
      <void property="timeTo">
       <object class="java.util.Date">
        <long>1719867540000</long>
       </object>
      </void>
      <void property="title">
       <string>DHC: Health Summary</string>
      </void>
      <void property="type">
       <object idref="ChartType$Type1"/>
      </void>
      <void property="typeId">
       <int>6</int>
      </void>
      <void property="virtualViewReferenceID">
       <int>10213</int>
      </void>
     </object>
    </void>
   </array>
  </void>
  <void property="creationTime">
   <long>1719876248816</long>
  </void>
  <void property="descrition">
   <string></string>
  </void>
  <void property="editMap">
   <object class="java.util.HashMap">
    <void method="put">
     <string>formatPDF</string>
     <string>PDF</string>
    </void>
    <void method="put">
     <string>headerLogo</string>
     <string>default.png</string>
    </void>
    <void method="put">
     <string>dispatch</string>
     <string>edit</string>
    </void>
    <void method="put">
     <string>default_fromDate</string>
     <string>2024-7-1</string>
    </void>
    <void method="put">
     <string>default_weekly_endday</string>
     <string>1</string>
    </void>
    <void method="put">
     <string>allowManualRun</string>
     <string>true</string>
    </void>
    <void method="put">
     <string>section</string>
     <string>schedule</string>
    </void>
    <void method="put">
     <string>QRadarCSRF</string>
     <string>bd870f29-c27b-4950-9e68-7c0576da6422</string>
    </void>
    <void method="put">
     <string>container2type</string>
     <string>6</string>
    </void>
    <void method="put">
     <string>multipleDelivery</string>
     <string></string>
    </void>
    <void method="put">
     <string>distributionEmail</string>
     <string>false</string>
    </void>
    <void method="put">
     <string>default_timezone</string>
     <string>Europe/Istanbul</string>
    </void>
    <void method="put">
     <string>default_monthly_scheduletype</string>
     <string>all</string>
    </void>
    <void method="put">
     <string>emailAddresses</string>
     <string></string>
    </void>
    <void method="put">
     <string>default_weekly_startday</string>
     <string>1</string>
    </void>
    <void method="put">
     <string>hourly_fromTime</string>
     <string>T02:00:00</string>
    </void>
    <void method="put">
     <string>hourly_toTime</string>
     <string>T02:00:00</string>
    </void>
    <void method="put">
     <string>container3type</string>
     <string>6</string>
    </void>
    <void method="put">
     <string>action</string>
     <string>finish</string>
    </void>
    <void method="put">
     <string>default_weekly_scheduletype</string>
     <string>all</string>
    </void>
    <void method="put">
     <string>selectedFgroupIds</string>
     <string></string>
    </void>
    <void method="put">
     <string>scheduleDefault</string>
     <string>ReportTemplateListAll</string>
    </void>
    <void method="put">
     <string>default_monthly_startday</string>
     <string>1</string>
    </void>
    <void method="put">
     <string>runReportNow</string>
     <string>false</string>
    </void>
    <void method="put">
     <string>daily_saturday</string>
     <string>checked</string>
    </void>
    <void method="put">
     <string>daily_friday</string>
     <string>checked</string>
    </void>
    <void method="put">
     <string>pageId</string>
     <string>reportwizard</string>
    </void>
    <void method="put">
     <string>classification</string>
     <string></string>
    </void>
    <void method="put">
     <string>daily_thursday</string>
     <string>checked</string>
    </void>
    <void method="put">
     <string>container4type</string>
     <string>6</string>
    </void>
    <void method="put">
     <string>layoutView</string>
     <string>portrait</string>
    </void>
    <void method="put">
     <string>scheduleType</string>
     <string>daily</string>
    </void>
    <void method="put">
     <string>daily_time</string>
     <string>T00:05:00</string>
    </void>
    <void method="put">
     <string>templateDescription</string>
     <string></string>
    </void>
    <void method="put">
     <string>weekly_time</string>
     <string>T02:00:00</string>
    </void>
    <void method="put">
     <string>monthly_day</string>
     <string>1</string>
    </void>
    <void method="put">
     <string>default_daily_fromTime</string>
     <string>T01:00:00</string>
    </void>
    <void method="put">
     <string>status</string>
     <string>begin</string>
    </void>
    <void method="put">
     <string>headerTitle</string>
     <string>Daily Health Check</string>
    </void>
    <void method="put">
     <string>layoutContainers</string>
     <object class="java.util.HashMap">
      <void method="put">
       <string>1</string>
       <object class="java.util.HashMap">
        <void method="put">
         <string>dispatch</string>
         <string>save</string>
        </void>
        <void method="put">
         <string>graphList</string>
         <string>Stacked_Line</string>
        </void>
        <void method="put">
         <string>adv_mon</string>
         <string>false</string>
        </void>
        <void method="put">
         <string>monthly_endday</string>
         <string>1</string>
        </void>
        <void method="put">
         <string>selectedGroupId</string>
         <string></string>
        </void>
        <void method="put">
         <string>advanced_from_time</string>
         <string>T01:00:00</string>
        </void>
        <void method="put">
         <string>topNNumber</string>
         <string>10</string>
        </void>
        <void method="put">
         <string>action</string>
         <string>none</string>
        </void>
        <void method="put">
         <string>adv_fri</string>
         <string>false</string>
        </void>
        <void method="put">
         <string>isValidChart</string>
         <boolean>true</boolean>
        </void>
        <void method="put">
         <string>fromDate</string>
         <string>2024-7-1</string>
        </void>
        <void method="put">
         <string>netsTree</string>
         <null/>
        </void>
        <void method="put">
         <string>daily_scheduletype</string>
         <string>all</string>
        </void>
        <void method="put">
         <string>containerNumber</string>
         <string>1</string>
        </void>
        <void method="put">
         <string>scheduleType</string>
         <string>daily</string>
        </void>
        <void method="put">
         <string>autoSubtitle</string>
         <string>true</string>
        </void>
        <void method="put">
         <string>subtitle</string>
         <string></string>
        </void>
        <void method="put">
         <string>templateContainer</string>
         <string></string>
        </void>
        <void method="put">
         <string>fromDateChooser</string>
         <string>2024-07-02</string>
        </void>
        <void method="put">
         <string>monthly_startday</string>
         <string>1</string>
        </void>
        <void method="put">
         <string>adv_wed</string>
         <string>false</string>
        </void>
        <void method="put">
         <string>graphTotals</string>
         <string>false</string>
        </void>
        <void method="put">
         <string>timezone</string>
         <string>Europe/Istanbul</string>
        </void>
        <void method="put">
         <string>monthly_scheduletype</string>
         <string>all</string>
        </void>
        <void method="put">
         <string>adv_sun</string>
         <string>false</string>
        </void>
        <void method="put">
         <string>title</string>
         <string>DHC: Top Log Sources</string>
        </void>
        <void method="put">
         <string>yaxis</string>
         <string>SUM(eventCount)</string>
        </void>
        <void method="put">
         <string>daily_toTime</string>
         <string>T01:30:00</string>
        </void>
        <void method="put">
         <string>xaxis</string>
         <string>time</string>
        </void>
        <void method="put">
         <string>adv_sat</string>
         <string>false</string>
        </void>
        <void method="put">
         <string>fromTime</string>
         <string>T01:00:00</string>
        </void>
        <void method="put">
         <string>weekly_scheduletype</string>
         <string>all</string>
        </void>
        <void method="put">
         <string>selectedGroup</string>
         <string></string>
        </void>
        <void method="put">
         <string>toTime</string>
         <string>T01:30:00</string>
        </void>
        <void method="put">
         <string>weekly_endday</string>
         <string>1</string>
        </void>
        <void method="put">
         <string>advanced_to_time</string>
         <string>T01:30:00</string>
        </void>
        <void method="put">
         <string>toDate</string>
         <string>2024-7-1</string>
        </void>
        <void method="put">
         <string>viewsDropdown</string>
         <null/>
        </void>
        <void method="put">
         <string>selectedGroup_display</string>
         <string>Select a group...</string>
        </void>
        <void method="put">
         <string>toDateChooser</string>
         <string>2024-07-02</string>
        </void>
        <void method="put">
         <string>only_hours_from</string>
         <string>false</string>
        </void>
        <void method="put">
         <string>arielQueryID</string>
         <string>b9283ebb-870c-430f-9a45-6fbd446770ac</string>
        </void>
        <void method="put">
         <string>daily_fromTime</string>
         <string>T01:00:00</string>
        </void>
        <void method="put">
         <string>enableDataSection</string>
         <string>false</string>
        </void>
        <void method="put">
         <string>adv_tue</string>
         <string>false</string>
        </void>
        <void method="put">
         <string>chartType</string>
         <int>6</int>
        </void>
        <void method="put">
         <string>width</string>
         <null/>
        </void>
        <void method="put">
         <string>adv_thu</string>
         <string>false</string>
        </void>
        <void method="put">
         <string>timeline</string>
         <string>15</string>
        </void>
        <void method="put">
         <string>weekly_startday</string>
         <string>1</string>
        </void>
       </object>
      </void>
      <void method="put">
       <string>2</string>
       <object class="java.util.HashMap">
        <void method="put">
         <string>dispatch</string>
         <string>save</string>
        </void>
        <void method="put">
         <string>graphList</string>
         <string>Stacked_Line</string>
        </void>
        <void method="put">
         <string>adv_mon</string>
         <string>false</string>
        </void>
        <void method="put">
         <string>monthly_endday</string>
         <string>1</string>
        </void>
        <void method="put">
         <string>selectedGroupId</string>
         <string></string>
        </void>
        <void method="put">
         <string>advanced_from_time</string>
         <string>T01:00:00</string>
        </void>
        <void method="put">
         <string>topNNumber</string>
         <string>10</string>
        </void>
        <void method="put">
         <string>action</string>
         <string>none</string>
        </void>
        <void method="put">
         <string>adv_fri</string>
         <string>false</string>
        </void>
        <void method="put">
         <string>isValidChart</string>
         <boolean>true</boolean>
        </void>
        <void method="put">
         <string>fromDate</string>
         <string>2024-7-1</string>
        </void>
        <void method="put">
         <string>netsTree</string>
         <null/>
        </void>
        <void method="put">
         <string>daily_scheduletype</string>
         <string>all</string>
        </void>
        <void method="put">
         <string>containerNumber</string>
         <string>2</string>
        </void>
        <void method="put">
         <string>scheduleType</string>
         <string>daily</string>
        </void>
        <void method="put">
         <string>autoSubtitle</string>
         <string>false</string>
        </void>
        <void method="put">
         <string>subtitle</string>
         <string>Events per Second Raw - Average 1 Min (custom) (Average)</string>
        </void>
        <void method="put">
         <string>templateContainer</string>
         <string></string>
        </void>
        <void method="put">
         <string>fromDateChooser</string>
         <string>2024-07-01</string>
        </void>
        <void method="put">
         <string>monthly_startday</string>
         <string>1</string>
        </void>
        <void method="put">
         <string>adv_wed</string>
         <string>false</string>
        </void>
        <void method="put">
         <string>graphTotals</string>
         <string>false</string>
        </void>
        <void method="put">
         <string>timezone</string>
         <string>Europe/Istanbul</string>
        </void>
        <void method="put">
         <string>monthly_scheduletype</string>
         <string>all</string>
        </void>
        <void method="put">
         <string>adv_sun</string>
         <string>false</string>
        </void>
        <void method="put">
         <string>title</string>
         <string>DHC: Event Rate (EPS)</string>
        </void>
        <void method="put">
         <string>yaxis</string>
         <string>AVG(Events per Second Raw - Average 1 Min)</string>
        </void>
        <void method="put">
         <string>daily_toTime</string>
         <string>T01:30:00</string>
        </void>
        <void method="put">
         <string>xaxis</string>
         <string>time</string>
        </void>
        <void method="put">
         <string>adv_sat</string>
         <string>false</string>
        </void>
        <void method="put">
         <string>fromTime</string>
         <string>T01:00:00</string>
        </void>
        <void method="put">
         <string>weekly_scheduletype</string>
         <string>all</string>
        </void>
        <void method="put">
         <string>selectedGroup</string>
         <string></string>
        </void>
        <void method="put">
         <string>toTime</string>
         <string>T01:30:00</string>
        </void>
        <void method="put">
         <string>weekly_endday</string>
         <string>1</string>
        </void>
        <void method="put">
         <string>advanced_to_time</string>
         <string>T01:30:00</string>
        </void>
        <void method="put">
         <string>toDate</string>
         <string>2024-7-1</string>
        </void>
        <void method="put">
         <string>viewsDropdown</string>
         <null/>
        </void>
        <void method="put">
         <string>selectedGroup_display</string>
         <string>Select a group...</string>
        </void>
        <void method="put">
         <string>toDateChooser</string>
         <string>2024-07-01</string>
        </void>
        <void method="put">
         <string>only_hours_from</string>
         <string>false</string>
        </void>
        <void method="put">
         <string>arielQueryID</string>
         <string>16f28cea-3e5a-4028-84b0-ad68e63d390a</string>
        </void>
        <void method="put">
         <string>daily_fromTime</string>
         <string>T01:00:00</string>
        </void>
        <void method="put">
         <string>enableDataSection</string>
         <string>false</string>
        </void>
        <void method="put">
         <string>adv_tue</string>
         <string>false</string>
        </void>
        <void method="put">
         <string>chartType</string>
         <int>6</int>
        </void>
        <void method="put">
         <string>width</string>
         <null/>
        </void>
        <void method="put">
         <string>adv_thu</string>
         <string>false</string>
        </void>
        <void method="put">
         <string>timeline</string>
         <string>1</string>
        </void>
        <void method="put">
         <string>weekly_startday</string>
         <string>1</string>
        </void>
       </object>
      </void>
      <void method="put">
       <string>3</string>
       <object class="java.util.HashMap">
        <void method="put">
         <string>dispatch</string>
         <string>save</string>
        </void>
        <void method="put">
         <string>graphList</string>
         <string>Table</string>
        </void>
        <void method="put">
         <string>adv_mon</string>
         <string>false</string>
        </void>
        <void method="put">
         <string>monthly_endday</string>
         <string>1</string>
        </void>
        <void method="put">
         <string>selectedGroupId</string>
         <string></string>
        </void>
        <void method="put">
         <string>advanced_from_time</string>
         <string>T01:00:00</string>
        </void>
        <void method="put">
         <string>topNNumber</string>
         <string>50</string>
        </void>
        <void method="put">
         <string>action</string>
         <string>none</string>
        </void>
        <void method="put">
         <string>adv_fri</string>
         <string>false</string>
        </void>
        <void method="put">
         <string>isValidChart</string>
         <boolean>true</boolean>
        </void>
        <void method="put">
         <string>fromDate</string>
         <string>2024-7-1</string>
        </void>
        <void method="put">
         <string>netsTree</string>
         <null/>
        </void>
        <void method="put">
         <string>daily_scheduletype</string>
         <string>all</string>
        </void>
        <void method="put">
         <string>containerNumber</string>
         <string>3</string>
        </void>
        <void method="put">
         <string>scheduleType</string>
         <string>daily</string>
        </void>
        <void method="put">
         <string>autoSubtitle</string>
         <string>true</string>
        </void>
        <void method="put">
         <string>subtitle</string>
         <string></string>
        </void>
        <void method="put">
         <string>templateContainer</string>
         <string></string>
        </void>
        <void method="put">
         <string>fromDateChooser</string>
         <string>2024-07-01</string>
        </void>
        <void method="put">
         <string>monthly_startday</string>
         <string>1</string>
        </void>
        <void method="put">
         <string>adv_wed</string>
         <string>false</string>
        </void>
        <void method="put">
         <string>graphTotals</string>
         <string>false</string>
        </void>
        <void method="put">
         <string>timezone</string>
         <string>Europe/Istanbul</string>
        </void>
        <void method="put">
         <string>monthly_scheduletype</string>
         <string>all</string>
        </void>
        <void method="put">
         <string>adv_sun</string>
         <string>false</string>
        </void>
        <void method="put">
         <string>title</string>
         <string>DHC: System Notifications</string>
        </void>
        <void method="put">
         <string>yaxis</string>
         <string>MAX(startTime)</string>
        </void>
        <void method="put">
         <string>daily_toTime</string>
         <string>T01:30:00</string>
        </void>
        <void method="put">
         <string>xaxis</string>
         <string>eventDescription</string>
        </void>
        <void method="put">
         <string>adv_sat</string>
         <string>false</string>
        </void>
        <void method="put">
         <string>fromTime</string>
         <string>T01:00:00</string>
        </void>
        <void method="put">
         <string>weekly_scheduletype</string>
         <string>all</string>
        </void>
        <void method="put">
         <string>selectedGroup</string>
         <string></string>
        </void>
        <void method="put">
         <string>toTime</string>
         <string>T01:30:00</string>
        </void>
        <void method="put">
         <string>weekly_endday</string>
         <string>1</string>
        </void>
        <void method="put">
         <string>advanced_to_time</string>
         <string>T01:30:00</string>
        </void>
        <void method="put">
         <string>toDate</string>
         <string>2024-7-1</string>
        </void>
        <void method="put">
         <string>viewsDropdown</string>
         <null/>
        </void>
        <void method="put">
         <string>selectedGroup_display</string>
         <string>Select a group...</string>
        </void>
        <void method="put">
         <string>toDateChooser</string>
         <string>2024-07-01</string>
        </void>
        <void method="put">
         <string>only_hours_from</string>
         <string>false</string>
        </void>
        <void method="put">
         <string>arielQueryID</string>
         <string>49660354-f051-48c3-b44b-31599a24c10c</string>
        </void>
        <void method="put">
         <string>daily_fromTime</string>
         <string>T01:00:00</string>
        </void>
        <void method="put">
         <string>enableDataSection</string>
         <string>false</string>
        </void>
        <void method="put">
         <string>adv_tue</string>
         <string>false</string>
        </void>
        <void method="put">
         <string>chartType</string>
         <int>6</int>
        </void>
        <void method="put">
         <string>width</string>
         <null/>
        </void>
        <void method="put">
         <string>adv_thu</string>
         <string>false</string>
        </void>
        <void method="put">
         <string>timeline</string>
         <string>60</string>
        </void>
        <void method="put">
         <string>weekly_startday</string>
         <string>1</string>
        </void>
       </object>
      </void>
      <void method="put">
       <string>4</string>
       <object class="java.util.HashMap">
        <void method="put">
         <string>dispatch</string>
         <string>save</string>
        </void>
        <void method="put">
         <string>graphList</string>
         <string>Table</string>
        </void>
        <void method="put">
         <string>adv_mon</string>
         <string>false</string>
        </void>
        <void method="put">
         <string>monthly_endday</string>
         <string>1</string>
        </void>
        <void method="put">
         <string>selectedGroupId</string>
         <string></string>
        </void>
        <void method="put">
         <string>advanced_from_time</string>
         <string>T01:00:00</string>
        </void>
        <void method="put">
         <string>topNNumber</string>
         <string>500</string>
        </void>
        <void method="put">
         <string>action</string>
         <string>none</string>
        </void>
        <void method="put">
         <string>adv_fri</string>
         <string>false</string>
        </void>
        <void method="put">
         <string>isValidChart</string>
         <boolean>true</boolean>
        </void>
        <void method="put">
         <string>fromDate</string>
         <string>2024-7-1</string>
        </void>
        <void method="put">
         <string>netsTree</string>
         <null/>
        </void>
        <void method="put">
         <string>daily_scheduletype</string>
         <string>specified</string>
        </void>
        <void method="put">
         <string>containerNumber</string>
         <string>4</string>
        </void>
        <void method="put">
         <string>scheduleType</string>
         <string>daily</string>
        </void>
        <void method="put">
         <string>autoSubtitle</string>
         <string>true</string>
        </void>
        <void method="put">
         <string>subtitle</string>
         <string></string>
        </void>
        <void method="put">
         <string>templateContainer</string>
         <string></string>
        </void>
        <void method="put">
         <string>fromDateChooser</string>
         <string>2024-07-01</string>
        </void>
        <void method="put">
         <string>monthly_startday</string>
         <string>1</string>
        </void>
        <void method="put">
         <string>adv_wed</string>
         <string>false</string>
        </void>
        <void method="put">
         <string>graphTotals</string>
         <string>false</string>
        </void>
        <void method="put">
         <string>timezone</string>
         <string>Europe/Istanbul</string>
        </void>
        <void method="put">
         <string>monthly_scheduletype</string>
         <string>all</string>
        </void>
        <void method="put">
         <string>adv_sun</string>
         <string>false</string>
        </void>
        <void method="put">
         <string>title</string>
         <string>DHC: Health Summary</string>
        </void>
        <void method="put">
         <string>yaxis</string>
         <string>MAX(Value)</string>
        </void>
        <void method="put">
         <string>daily_toTime</string>
         <string>T23:59:00</string>
        </void>
        <void method="put">
         <string>xaxis</string>
         <string>Metric ID,Hostname,Element</string>
        </void>
        <void method="put">
         <string>adv_sat</string>
         <string>false</string>
        </void>
        <void method="put">
         <string>fromTime</string>
         <string>T01:00:00</string>
        </void>
        <void method="put">
         <string>weekly_scheduletype</string>
         <string>all</string>
        </void>
        <void method="put">
         <string>selectedGroup</string>
         <string></string>
        </void>
        <void method="put">
         <string>toTime</string>
         <string>T01:30:00</string>
        </void>
        <void method="put">
         <string>weekly_endday</string>
         <string>1</string>
        </void>
        <void method="put">
         <string>advanced_to_time</string>
         <string>T01:30:00</string>
        </void>
        <void method="put">
         <string>toDate</string>
         <string>2024-7-1</string>
        </void>
        <void method="put">
         <string>viewsDropdown</string>
         <null/>
        </void>
        <void method="put">
         <string>selectedGroup_display</string>
         <string>Select a group...</string>
        </void>
        <void method="put">
         <string>toDateChooser</string>
         <string>2024-07-01</string>
        </void>
        <void method="put">
         <string>only_hours_from</string>
         <string>false</string>
        </void>
        <void method="put">
         <string>arielQueryID</string>
         <string>8514d609-bbcf-4b0e-86c0-24d7f5f63969</string>
        </void>
        <void method="put">
         <string>daily_fromTime</string>
         <string>T23:50:00</string>
        </void>
        <void method="put">
         <string>enableDataSection</string>
         <string>false</string>
        </void>
        <void method="put">
         <string>adv_tue</string>
         <string>false</string>
        </void>
        <void method="put">
         <string>chartType</string>
         <int>6</int>
        </void>
        <void method="put">
         <string>width</string>
         <null/>
        </void>
        <void method="put">
         <string>adv_thu</string>
         <string>false</string>
        </void>
        <void method="put">
         <string>timeline</string>
         <string>60</string>
        </void>
        <void method="put">
         <string>weekly_startday</string>
         <string>1</string>
        </void>
       </object>
      </void>
     </object>
    </void>
    <void method="put">
     <string>emailIncludeDate</string>
     <string>false</string>
    </void>
    <void method="put">
     <string>pagination</string>
     <string>BOTTOM_CENTER</string>
    </void>
    <void method="put">
     <string>distributedReportType</string>
     <string>single</string>
    </void>
    <void method="put">
     <string>clearContainer</string>
     <string></string>
    </void>
    <void method="put">
     <string>default_toTime</string>
     <string>T01:30:00</string>
    </void>
    <void method="put">
     <string>default_monthly_endday</string>
     <string>1</string>
    </void>
    <void method="put">
     <string>daily_tuesday</string>
     <string>checked</string>
    </void>
    <void method="put">
     <string>default_daily_fromAmPm</string>
     <string></string>
    </void>
    <void method="put">
     <string>selectedLayout</string>
     <string>P4</string>
    </void>
    <void method="put">
     <string>layoutid</string>
     <string>P4</string>
    </void>
    <void method="put">
     <string>daily_monday</string>
     <string>checked</string>
    </void>
    <void method="put">
     <string>default_daily_toAmPm</string>
     <string></string>
    </void>
    <void method="put">
     <string>formatXML</string>
     <string></string>
    </void>
    <void method="put">
     <string>monthly_time</string>
     <string>T02:00:00</string>
    </void>
    <void method="put">
     <string>templateTitle</string>
     <string>Daily Health Check</string>
    </void>
    <void method="put">
     <string>default_toDate</string>
     <string>2024-7-1</string>
    </void>
    <void method="put">
     <string>default_selectedNets</string>
     <string></string>
    </void>
    <void method="put">
     <string>distributionQradar</string>
     <string>qradarConfig</string>
    </void>
    <void method="put">
     <string>default_fromTime</string>
     <string>T01:00:00</string>
    </void>
    <void method="put">
     <string>hideIntro</string>
     <string>false</string>
    </void>
    <void method="put">
     <string>formatHTML</string>
     <string></string>
    </void>
    <void method="put">
     <string>distributedEmailList</string>
     <string></string>
    </void>
    <void method="put">
     <string>appName</string>
     <string>Reports</string>
    </void>
    <void method="put">
     <string>daily_wednesday</string>
     <string>checked</string>
    </void>
    <void method="put">
     <string>currentContainer</string>
     <string>4</string>
    </void>
    <void method="put">
     <string>default_daily_toTime</string>
     <string>T01:30:00</string>
    </void>
    <void method="put">
     <string>pageNum</string>
     <string>8</string>
    </void>
    <void method="put">
     <string>default_daily_scheduletype</string>
     <string>all</string>
    </void>
    <void method="put">
     <string>distributedOption</string>
     <string></string>
    </void>
    <void method="put">
     <string>container1type</string>
     <string>6</string>
    </void>
    <void method="put">
     <string>formatXLS</string>
     <string></string>
    </void>
    <void method="put">
     <string>isEdit</string>
     <string>false</string>
    </void>
    <void method="put">
     <string>selectedSchedule</string>
     <string>daily</string>
    </void>
    <void method="put">
     <string>formatCSV</string>
     <string></string>
    </void>
    <void method="put">
     <string>emailIncludeLink</string>
     <string>false</string>
    </void>
    <void method="put">
     <string>default_toAmPm</string>
     <string></string>
    </void>
    <void method="put">
     <string>emailAttachments</string>
     <string>false</string>
    </void>
    <void method="put">
     <string>daily_sunday</string>
     <string>checked</string>
    </void>
    <void method="put">
     <string>week_monthly_day</string>
     <string>monday</string>
    </void>
    <void method="put">
     <string>default_fromAmPm</string>
     <string></string>
    </void>
    <void method="put">
     <string>multipleGeneration</string>
     <string>list</string>
    </void>
   </object>
  </void>
  <void property="itemUserName">
   <string>admin</string>
  </void>
  <void property="layoutName">
   <string>P4</string>
  </void>
  <void property="logoFileName">
   <string>/store/reporting/reports/logos/default.png</string>
  </void>
  <void property="name">
   <string>2628e6a9-05b9-4540-9680-39092dbb32ff</string>
  </void>
  <void property="outputType">
   <array class="com.q1labs.reporting.ReportTemplate$OutputType" length="1">
    <void index="0">
     <object class="java.lang.Enum" method="valueOf">
      <class>com.q1labs.reporting.ReportTemplate$OutputType</class>
      <string>PDF</string>
     </object>
    </void>
   </array>
  </void>
  <void property="owner">
   <string>admin</string>
  </void>
  <void property="parameters">
   <object class="java.util.HashMap"/>
  </void>
  <void property="runManually">
   <boolean>true</boolean>
  </void>
  <void property="scheduleParam">
   <object class="com.q1labs.core.shared.scheduling.SchedulerTaskParam" id="SchedulerTaskParam0">
    <void id="SchedulerTaskParam$Days0" property="days">
     <void property="_days">
      <void index="0">
       <boolean>true</boolean>
      </void>
      <void index="1">
       <boolean>true</boolean>
      </void>
      <void index="2">
       <boolean>true</boolean>
      </void>
      <void index="3">
       <boolean>true</boolean>
      </void>
      <void index="4">
       <boolean>true</boolean>
      </void>
      <void index="5">
       <boolean>true</boolean>
      </void>
      <void index="6">
       <boolean>true</boolean>
      </void>
     </void>
    </void>
    <void property="timeToStart">
     <long>1719867901326</long>
    </void>
    <void property="type">
     <object class="java.lang.Enum" method="valueOf">
      <class>com.q1labs.core.shared.scheduling.ScheduleType</class>
      <string>DAILY</string>
     </object>
    </void>
   </object>
  </void>
  <void property="scheduled">
   <boolean>true</boolean>
  </void>
  <void property="title">
   <string>Daily Health Check</string>
  </void>
 </object>
</java>
